{"customers" :
	[
		{
			"id": 1,
			"name": "Michael",
			"lastName": "Raymond",
			"compagnieName" : "Test123",
			"address" : "3162 rue des verdiers QC",
			"postalCode" : "G1G 1Y8",
			"zone": 9,
			"telephone": "418-380-3790",
			"cell" : "---",
			"mail" : "michael.raymond76@gmail.com",
			"nbDeliverys" : 1
		},
		{
			"id": 2,
			"name": "Michael 2",
			"lastName": "Raymond 2",
			"compagnieName" : "Test123",
			"address" : "3162 rue des verdiers QC",
			"postalCode" : "G3A 1A1",
			"zone": 5,
			"telephone": "418-380-3790",
			"cell" : "---",
			"mail" : "michael.raymond76@gmail.com",
			"nbDeliverys" : 0
		}
	]
}